{"net": {"color": {"a": "255", "r": "0", "g": "0", "b": "255"}, "class_name": "Net", "module_name": "Game.Pong.Net"}, "aob1": {"position": {"x": "10", "y": "40"}, "velocity": {"x-vec": "0.0", "y-vec": "5.0"}, "color": {"a": "0", "r": "255", "g": "255", "b": "255"}, "control_wasd": {"boolean_val": "True"}, "class_name": "Paddle", "module_name": "Game.Pong.Paddle"}, "aob2": {"position": {"x": "1030", "y": "40"}, "velocity": {"x-vec": "0.0", "y-vec": "5.0"}, "color": {"a": "255", "r": "255", "g": "0", "b": "255"}, "control_wasd": {"boolean_val": "False"}, "class_name": "Paddle", "module_name": "Game.Pong.Paddle"}, "ball": {"velocity": {"x-vec": "0", "y-vec": "0"}, "position": {"x": "530", "y": "350"}, "color": {"a": "0", "r": "255", "g": "255", "b": "255"}, "radius": {"integer_val": "15"}, "class_name": "Ball", "module_name": "Game.Pong.Ball"}, "game_state_manager": {"class_name": "GameStateManager", "module_name": "Game.Pong.GameStateManager"}, "score_left": {"position": {"x": "200", "y": "40"}, "color": {"a": "255", "r": "255", "g": "255", "b": "255"}, "class_name": "PlayerScore", "module_name": "Game.Pong.PlayerScore"}, "score_right": {"position": {"x": "900", "y": "40"}, "color": {"a": "255", "r": "0", "g": "255", "b": "255"}, "class_name": "PlayerScore", "module_name": "Game.Pong.PlayerScore"}, "global-config": {"Screen Dimensions": {"screen-width": "1080", "screen-height": "720"}, "Background Color": {"a": "0", "r": "0", "g": "0", "b": "0"}, "Background Music": ""}}