{"tile": {"texture_res": {"string_val": "Game/Pacman/Assets/Tiles/tiles.bmp"}, "tile_map_res": {"string_val": "Game/Pacman/Assets/Levels/level1.txt"}, "rows": {"integer_val": "8"}, "cols": {"integer_val": "8"}, "tile_width": {"integer_val": "16"}, "tile_height": {"integer_val": "16"}, "dest_tile_width": {"integer_val": "32"}, "dest_tile_height": {"integer_val": "32"}, "map_x": {"integer_val": "33"}, "map_y": {"integer_val": "24"}, "class_name": "TileMap", "module_name": "Game.Pacman.TileMap"}, "player": {"Position": {"x": "32", "y": "96"}, "velocity": {"x-vec": "5", "y-vec": "5"}, "Color": {"r": "255", "g": "0", "b": "0", "a": "255"}, "class_name": "PlayerObject", "module_name": "Game.Pacman.PlayerObject"}, "dotcreator": {"tile_width": {"integer_val": "32"}, "tile_height": {"integer_val": "32"}, "rows": {"integer_val": "22"}, "cols": {"integer_val": "33"}, "tile_id": {"string_val": "tile"}, "class_name": "DotCreator", "module_name": "Game.Pacman.DotObject"}, "enemy1": {"Position": {"x": "736", "y": "96"}, "velocity": {"x-vec": "5", "y-vec": "5"}, "class_name": "EnemyObject", "module_name": "Game.Pacman.EnemyObject"}, "enemy2": {"Position": {"x": "448", "y": "96"}, "velocity": {"x-vec": "5", "y-vec": "5"}, "class_name": "EnemyObject", "module_name": "Game.Pacman.EnemyObject"}, "enemy3": {"Position": {"x": "32", "y": "554"}, "velocity": {"x-vec": "5", "y-vec": "5"}, "class_name": "EnemyObject", "module_name": "Game.Pacman.EnemyObject"}, "enemy4": {"Position": {"x": "992", "y": "704"}, "velocity": {"x-vec": "5", "y-vec": "5"}, "class_name": "EnemyObject", "module_name": "Game.Pacman.EnemyObject"}, "score": {"Position": {"x": "90", "y": "23"}, "color": {"a": "255", "r": "40", "g": "255", "b": "40"}, "class_name": "ScoreObject", "module_name": "Game.Pacman.ScoreObject"}, "game_state_manager": {"class_name": "GameStateManager", "module_name": "Game.Pacman.GameStateManager"}, "game_heading": {"position": {"x": "450", "y": "10"}, "color": {"a": "255", "r": "255", "g": "255", "b": "255"}, "text_boundary": {"x": "400", "y": "10", "w": "60", "h": "35"}, "font_res": {"string_val": "Game/Pacman/Assets/Fonts/crackman.ttf"}, "text": {"string_val": "PACMAN"}, "font_size": {"integer_val": "40"}, "class_name": "GameText", "module_name": "Game.Pacman.GameText"}, "score_label": {"position": {"x": "10", "y": "10"}, "color": {"a": "255", "r": "255", "g": "255", "b": "255"}, "text_boundary": {"x": "5", "y": "20", "w": "60", "h": "35"}, "font_res": {"string_val": "/home/psx95/Projects/C++/CS-5850/finalproject-runtime-terror/Game/Pacman/Assets/Fonts/arcade_classic.ttf"}, "text": {"string_val": "SCORE  "}, "font_size": {"integer_val": "25"}, "class_name": "GameText", "module_name": "Game.Pacman.GameText"}, "global-config": {"Screen Dimensions": {"screen-width": "1056", "screen-height": "768"}, "Gravity": "0", "Background Color": {"a": "0", "r": "0", "g": "0", "b": "0"}}}